{"0.0": {"avg_all": 0.0, "avg_drug": 0.0, "diff": 0.0}, "0.1": {"avg_all": 0.5169060555171392, "avg_drug": 0.5314406779661017, "diff": -0.01453462244896253}, "4.1": {"avg_all": 331.0309947643979, "avg_drug": 329.41389830508473, "diff": 1.6170964593131885}, "3.0": {"avg_all": 222.20275017287366, "avg_drug": 223.4477966101695, "diff": -1.2450464372958265}, "1.1": {"avg_all": 42.61639830089894, "avg_drug": 44.5035593220339, "diff": -1.8871610211349577}, "4.8": {"avg_all": 389.14398498468836, "avg_drug": 387.5464406779661, "diff": 1.597544306722284}, "0.5": {"avg_all": 10.611779116862591, "avg_drug": 11.132627118644068, "diff": -0.5208480017814772}, "1.4": {"avg_all": 65.0018097401956, "avg_drug": 67.00677966101695, "diff": -2.0049699208213525}, "1.9": {"avg_all": 109.5188659488294, "avg_drug": 112.68762711864407, "diff": -3.1687611698146725}, "4.7": {"avg_all": 381.45815272152527, "avg_drug": 379.62245762711865, "diff": 1.835695094406617}, "3.9": {"avg_all": 313.0178484638941, "avg_drug": 311.83610169491527, "diff": 1.181746768978826}, "3.8": {"avg_all": 303.6431295070631, "avg_drug": 302.42754237288136, "diff": 1.2155871341817601}, "3.6": {"avg_all": 284.13544996542527, "avg_drug": 282.81389830508476, "diff": 1.3215516603405035}, "4.2": {"avg_all": 339.91753827916625, "avg_drug": 338.2792372881356, "diff": 1.6383009910306328}, "0.3": {"avg_all": 4.074333695544799, "avg_drug": 4.383305084745762, "diff": -0.30897138920096356}, "3.1": {"avg_all": 232.75100266719352, "avg_drug": 233.58110169491525, "diff": -0.8300990277217295}, "1.7": {"avg_all": 90.90483453521684, "avg_drug": 93.73313559322034, "diff": -2.828301058003504}, "0.8": {"avg_all": 24.32585202015213, "avg_drug": 25.112881355932203, "diff": -0.7870293357800726}, "3.3": {"avg_all": 253.54753729131681, "avg_drug": 253.0356779661017, "diff": 0.5118593252151129}, "4.0": {"avg_all": 322.10269682900326, "avg_drug": 320.82872881355934, "diff": 1.273968015443927}, "0.4": {"avg_all": 7.086219500148178, "avg_drug": 7.623474576271186, "diff": -0.5372550761230084}, "4.3": {"avg_all": 348.65549343080113, "avg_drug": 347.16567796610167, "diff": 1.4898154646994612}, "0.6": {"avg_all": 14.696694655734467, "avg_drug": 15.35915254237288, "diff": -0.6624578866384141}, "3.2": {"avg_all": 243.17160130396127, "avg_drug": 243.1551694915254, "diff": 0.016431812435854454}, "3.5": {"avg_all": 274.1474819717475, "avg_drug": 273.23076271186443, "diff": 0.9167192598830525}, "1.6": {"avg_all": 81.8876459547565, "avg_drug": 84.26135593220339, "diff": -2.373709977446893}, "3.4": {"avg_all": 263.89097698310775, "avg_drug": 263.13271186440676, "diff": 0.7582651187009901}, "1.0": {"avg_all": 35.98449866640324, "avg_drug": 37.81805084745763, "diff": -1.8335521810543867}, "4.9": {"avg_all": 396.5728736540551, "avg_drug": 394.64813559322033, "diff": 1.924738060834784}, "1.3": {"avg_all": 57.15991306924825, "avg_drug": 59.41635593220339, "diff": -2.25644286295514}, "4.6": {"avg_all": 373.6125931048108, "avg_drug": 372.04754237288137, "diff": 1.565050731929432}, "0.9": {"avg_all": 29.891901610194605, "avg_drug": 31.362796610169493, "diff": -1.4708949999748882}, "4.4": {"avg_all": 357.1547841548948, "avg_drug": 355.7099152542373, "diff": 1.444868900657525}, "1.8": {"avg_all": 100.15010569989134, "avg_drug": 102.99516949152543, "diff": -2.8450637916340895}, "1.5": {"avg_all": 73.24126444729824, "avg_drug": 75.76991525423729, "diff": -2.528650806939055}, "0.7": {"avg_all": 19.211652672132768, "avg_drug": 19.83762711864407, "diff": -0.6259744465113002}, "4.5": {"avg_all": 365.48395139780695, "avg_drug": 363.7807627118644, "diff": 1.703188685942564}, "0.2": {"avg_all": 1.937160920675689, "avg_drug": 1.9786440677966102, "diff": -0.04148314712092116}, "3.7": {"avg_all": 294.01362837103625, "avg_drug": 292.3858474576271, "diff": 1.6277809134091399}, "1.2": {"avg_all": 49.651218018374, "avg_drug": 51.82457627118644, "diff": -2.1733582528124344}, "2.8": {"diff": -1.7920159160964033, "avg_all": 202.07289933814087, "avg_drug": 203.86491525423727}, "2.4": {"diff": -2.7502100352109835, "avg_all": 160.3139425071619, "avg_drug": 163.06415254237288}, "2.2": {"diff": -3.183822726230062, "avg_all": 139.87227896868518, "avg_drug": 143.05610169491524}, "2.7": {"diff": -2.1326878044125124, "avg_all": 191.46256643287563, "avg_drug": 193.59525423728815}, "2.1": {"diff": -3.1783534475108866, "avg_all": 129.82596858638743, "avg_drug": 133.00432203389832}, "2.5": {"diff": -2.714177623703023, "avg_all": 170.69861898646647, "avg_drug": 173.4127966101695}, "2.0": {"diff": -3.225148001614045, "avg_all": 120.01112318482663, "avg_drug": 123.23627118644067}, "2.3": {"diff": -3.2258895500596907, "avg_all": 150.14131383977082, "avg_drug": 153.3672033898305}, "2.9": {"diff": -1.1289064004272689, "avg_all": 212.79431393855577, "avg_drug": 213.92322033898304}, "2.6": {"diff": -2.187649295027086, "avg_all": 181.03819816260003, "avg_drug": 183.2258474576271}}